[{
      "name": "Arsenal",      
      "games_played": 29,
      "wins": 17,
      "draws": 6,
      "losses": 6,
      "goals_scored": 61,
      "goals_conceded": 39,
      "points": 57
    },
    {
      "name": "Bournemouth",
      "games_played": 29,
      "wins": 10,
      "draws": 4,
      "losses": 15,
      "goals_scored": 39,
      "goals_conceded": 54,
      "points": 34
    },
    {
      "name": "Brighton and Hove Albion",
      "games_played": 28,
      "wins": 8,
      "draws": 6,
      "losses": 14,
      "goals_scored": 30,
      "goals_conceded": 41,
      "points": 30
    },
    {
      "name": "Burnley",
      "games_played": 29,
      "wins": 8,
      "draws": 6,
      "losses": 15,
      "goals_scored": 32,
      "goals_conceded": 53,
      "points": 30
    },
    {
      "name": "Cardiff City",
      "games_played": 29,
      "wins": 7,
      "draws": 4,
      "losses": 18,
      "goals_scored": 25,
      "goals_conceded": 57,
      "points": 25
    },
    {
      "name": "Chelsea",
      "games_played": 28,
      "wins": 17,
      "draws": 5,
      "losses": 6,
      "goals_scored": 49,
      "goals_conceded": 30,
      "points": 56
    },
    {
      "name": "Crystal Palace",
      "games_played": 29,
      "wins": 9,
      "draws": 6,
      "losses": 14,
      "goals_scored": 35,
      "goals_conceded": 39,
      "points": 33
    },
    {
      "name": "Everton",
      "games_played": 29,
      "wins": 10,
      "draws": 7,
      "losses": 12,
      "goals_scored": 39,
      "goals_conceded": 39,
      "points": 37
    },
    {
      "name": "Fulham",
      "games_played": 29,
      "wins": 4,
      "draws": 5,
      "losses": 20,
      "goals_scored": 27,
      "goals_conceded": 65,
      "points": 17
    },
    {
      "name": "Huddersfield Town",
      "games_played": 29,
      "wins": 3,
      "draws": 5,
      "losses": 21,
      "goals_scored": 15,
      "goals_conceded": 51,
      "points": 14    
    },
    {
      "name": "Leicester City",
      "games_played": 29,
      "wins": 10,
      "draws": 5,
      "losses": 14,
      "goals_scored": 35,
      "goals_conceded": 41,
      "points": 35
    },
    {
      "name": "Liverpool",
      "games_played": 29,
      "wins": 21,
      "draws": 7,
      "losses": 1,
      "goals_scored": 64,
      "goals_conceded": 15,
      "points": 70
    },
    {
      "name": "Manchester City",
      "games_played": 29,
      "wins": 23,
      "draws": 2,
      "losses": 4,
      "goals_scored": 76,
      "goals_conceded": 20,
      "points": 71
    },
    {
      "name": "Manchester United",
      "games_played": 29,
      "wins": 17,
      "draws": 7,
      "losses": 5,
      "goals_scored": 58,
      "goals_conceded": 38,
      "points": 58
    },
    {
      "name": "Newcastle United",
      "games_played": 29,
      "wins": 8,
      "draws": 7,
      "losses": 14,
      "goals_scored": 26,
      "goals_conceded": 36,
      "points": 31
    },
    {
      "name": "Southampton",
      "games_played": 29,
      "wins": 6,
      "draws": 9,
      "losses": 14,
      "goals_scored": 32,
      "goals_conceded": 49,
      "points": 27      
    },
    {
      "name": "Tottenham Hotspur",
      "games_played": 29,
      "wins": 20,
      "draws": 1,
      "losses": 8,
      "goals_scored": 56,
      "goals_conceded": 30,
      "points": 61
    },
    {
      "name": "Watford",
      "games_played": 29,
      "wins": 12,
      "draws": 7,
      "losses": 10,
      "goals_scored": 41,
      "goals_conceded": 41,
      "points": 43
    },
    {
      "name": "West Ham United",
      "games_played": 29,
      "wins": 11,
      "draws": 6,
      "losses": 12,
      "goals_scored": 37,
      "goals_conceded": 41,
      "points": 39
    },
    {
      "name": "Wolverhampton Wanderers",
      "games_played": 29,
      "wins": 12,
      "draws": 7,
      "losses": 10,
      "goals_scored": 37,
      "goals_conceded": 35,
      "points": 43
    }
  ]