[
  {
    "name": "Arsenal",
    "short_name": "arsenal",
    "club_code": "ARS"
  },
  {
    "name": "Bournemouth",
    "short_name": "bournemouth",
    "club_code": "BOU"
  },
  {
    "name": "Brighton and Hove Albion",
    "short_name": "brighton",
    "club_code": "BHA"
  },
  {
    "name": "Burnley",
    "short_name": "burnley",
    "club_code": "BUR"
  },
  {
    "name": "Cardiff City",
    "short_name": "cardiff",
    "club_code": "CAR"
  },
  {
    "name": "Chelsea",
    "short_name": "chelsea",
    "club_code": "CHE"
  },
  {
    "name": "Crystal Palace",
    "short_name": "crystal_palace",
    "club_code": "CRY"
  },
  {
    "name": "Everton",
    "short_name": "everton",
    "club_code": "EVE"
  },
  {
    "name": "Fulham",
    "short_name": "fulham",
    "club_code": "FUL"
  },
  {
    "name": "Huddersfield Town",
    "short_name": "huddersfield",
    "club_code": "HUD"
  },
  {
    "name": "Leicester City",
    "short_name": "leicester",
    "club_code": "LEI"
  },
  {
    "name": "Liverpool",
    "short_name": "liverpool",
    "club_code": "LIV"
  },
  {
    "name": "Manchester City",
    "short_name": "man_city",
    "club_code": "MCI"
  },
  {
    "name": "Manchester United",
    "short_name": "man_utd",
    "club_code": "MUN"
  },
  {
    "name": "Newcastle United",
    "short_name": "newcastle",
    "club_code": "NEW"
  },
  {
    "name": "Southampton",
    "short_name": "southampton",
    "club_code": "SOU"
  },
  {
    "name": "Tottenham Hotspur",
    "short_name": "tottenham",
    "club_code": "TOT"
  },
  {
    "name": "Watford",
    "short_name": "watford",
    "club_code": "WAT"
  },
  {
    "name": "West Ham United",
    "short_name": "west_ham",
    "club_code": "WHU"
  },
  {
    "name": "Wolverhampton Wanderers",
    "short_name": "wolves",
    "club_code": "WOL"
  }
]